{
	"version": "2.0.0",
	"tasks": [
		{
			"type": "docker-build",
			"label": "docker-build",
			"platform": "node",
			"dockerBuild": {
				"dockerfile": "${workspaceFolder}/Dockerfile",
				"context": "${workspaceFolder}",
				"pull": true,
				"tag": "todo-dev",
				"buildArgs": {
					"NODE_ENV": "development"
				}
			}
		},
		{
			"type": "docker-run",
			"label": "docker-run: release",
			"dependsOn": [
				"docker-build"
			],
			"platform": "node"
		},
		{
			"type": "docker-run",
			"label": "docker-run: debug",
			"dependsOn": [
				"docker-build"
			],
			"dockerRun": {
				"env": {
					"DEBUG": "*",
					"NODE_ENV": "development"
				},
				"volumes": [
					{
						"localPath": "${workspaceFolder}/src",
						"containerPath": "/app/src"
					}
				],
				"ports": [
					{
						"containerPort": 3000,
						"hostPort": 3000
					}
				]
			},
			"node": {
				"enableDebugging": true
			}
		}
	]
}